# SynDimm neue partition table — dahili 4MB flash, A/B OTA, SPIFFS YOK.
# BF düzeninden farklar: nvs 0x6000 → 0x10000 (64KB; profiller/bağlamalar/prefs
# NVS blob olarak burada yaşar, harici flash kaldırıldı) ve userdata SPIFFS yok.
# ota_0/ota_1 = 0x1E0000 (1.875 MB) — boyut kapıları plana göre izlenir.
# Name,     Type, SubType,  Offset,    Size
nvs,        data, nvs,      0x9000,    0x10000
phy_init,   data, phy,      0x19000,   0x1000
otadata,    data, ota,      0x1A000,   0x2000
ota_0,      app,  ota_0,    0x20000,   0x1E0000
ota_1,      app,  ota_1,    0x200000,  0x1E0000
